{"devices": {"osmo": {"tx_driver": {}, "freq": 99000000.0, "rx_driver": {"iq_balance": false, "correction_ppm": 0.0, "antenna": "RX", "agc": true, "dc_cancel": false, "bandwidth": 200000.0, "gain": 38.0, "gains": {"RFGR": 0.0, "IFGR": 58.0}}, "components": {}}}, "receive_flowgraph": {"telemetry_store": {}, "source_name": "osmo", "monitor": {"window_type": 5, "paused": false, "freq_resolution": 4096, "frame_rate": 1.0005763319672132, "time_length": 2048}, "receivers": {"c": {"audio_gain": -6.0, "freq_linked_to_device": false, "device_name": "osmo", "audio_pan": 0.0, "mode": "WFM", "audio_destination": "client", "rec_freq": 99000849.18478261, "demodulator": {"squelch_threshold": -100.0, "decode_stereo": true}}}}}