<symbols><symbol><tocall>BB</tocall><description>Police station</description><code>/!</code></symbol><symbol><tocall>BC</tocall><unused>1</unused><code>/"</code></symbol><symbol><tocall>BD</tocall><description>Digipeater</description><code>/#</code></symbol><symbol><tocall>BE</tocall><description>Telephone</description><code>/$</code></symbol><symbol><tocall>BF</tocall><description>DX cluster</description><code>/%</code></symbol><symbol><tocall>BG</tocall><description>HF gateway</description><code>/&amp;</code></symbol><symbol><tocall>BH</tocall><description>Small aircraft</description><code>/'</code></symbol><symbol><tocall>BI</tocall><description>Mobile satellite station</description><code>/(</code></symbol><symbol><tocall>BJ</tocall><description>Wheelchair, handicapped</description><code>/)</code></symbol><symbol><tocall>BK</tocall><description>Snowmobile</description><code>/*</code></symbol><symbol><tocall>BL</tocall><description>Red Cross</description><code>/+</code></symbol><symbol><tocall>BM</tocall><description>Boy Scouts</description><code>/,</code></symbol><symbol><tocall>BN</tocall><description>House</description><code>/-</code></symbol><symbol><tocall>BO</tocall><description>Red X</description><code>/.</code></symbol><symbol><tocall>BP</tocall><description>Red dot</description><code>//</code></symbol><symbol><tocall>P0</tocall><description>Numbered circle: 0</description><code>/0</code></symbol><symbol><tocall>P1</tocall><description>Numbered circle: 1</description><code>/1</code></symbol><symbol><tocall>P2</tocall><description>Numbered circle: 2</description><code>/2</code></symbol><symbol><tocall>P3</tocall><description>Numbered circle: 3</description><code>/3</code></symbol><symbol><tocall>P4</tocall><description>Numbered circle: 4</description><code>/4</code></symbol><symbol><tocall>P5</tocall><description>Numbered circle: 5</description><code>/5</code></symbol><symbol><tocall>P6</tocall><description>Numbered circle: 6</description><code>/6</code></symbol><symbol><tocall>P7</tocall><description>Numbered circle: 7</description><code>/7</code></symbol><symbol><tocall>P8</tocall><description>Numbered circle: 8</description><code>/8</code></symbol><symbol><tocall>P9</tocall><description>Numbered circle: 9</description><code>/9</code></symbol><symbol><tocall>MR</tocall><description>Fire</description><code>/:</code></symbol><symbol><tocall>MS</tocall><description>Campground, tent</description><code>/;</code></symbol><symbol><tocall>MT</tocall><description>Motorcycle</description><code>/&lt;</code></symbol><symbol><tocall>MU</tocall><description>Railroad engine</description><code>/=</code></symbol><symbol><tocall>MV</tocall><description>Car</description><code>/&gt;</code></symbol><symbol><tocall>MW</tocall><description>File server</description><code>/?</code></symbol><symbol><tocall>MX</tocall><description>Hurricane predicted path</description><code>/@</code></symbol><symbol><tocall>PA</tocall><description>Aid station</description><code>/A</code></symbol><symbol><tocall>PB</tocall><description>BBS</description><code>/B</code></symbol><symbol><tocall>PC</tocall><description>Canoe</description><code>/C</code></symbol><symbol><tocall>PD</tocall><unused>1</unused><code>/D</code></symbol><symbol><tocall>PE</tocall><description>Eyeball</description><code>/E</code></symbol><symbol><tocall>PF</tocall><description>Farm vehicle, tractor</description><code>/F</code></symbol><symbol><tocall>PG</tocall><description>Grid square, 3 by 3</description><code>/G</code></symbol><symbol><tocall>PH</tocall><description>Hotel</description><code>/H</code></symbol><symbol><tocall>PI</tocall><description>TCP/IP network station</description><code>/I</code></symbol><symbol><tocall>PJ</tocall><unused>1</unused><code>/J</code></symbol><symbol><tocall>PK</tocall><description>School</description><code>/K</code></symbol><symbol><tocall>PL</tocall><description>PC user</description><code>/L</code></symbol><symbol><tocall>PM</tocall><description>Mac apple</description><code>/M</code></symbol><symbol><tocall>PN</tocall><description>NTS station</description><code>/N</code></symbol><symbol><tocall>PO</tocall><description>Balloon</description><code>/O</code></symbol><symbol><tocall>PP</tocall><description>Police car</description><code>/P</code></symbol><symbol><tocall>PQ</tocall><unused>1</unused><code>/Q</code></symbol><symbol><tocall>PR</tocall><description>Recreational vehicle</description><code>/R</code></symbol><symbol><tocall>PS</tocall><description>Space Shuttle</description><code>/S</code></symbol><symbol><tocall>PT</tocall><description>SSTV</description><code>/T</code></symbol><symbol><tocall>PU</tocall><description>Bus</description><code>/U</code></symbol><symbol><tocall>PV</tocall><description>ATV, Amateur Television</description><code>/V</code></symbol><symbol><tocall>PW</tocall><description>Weather service site</description><code>/W</code></symbol><symbol><tocall>PX</tocall><description>Helicopter</description><code>/X</code></symbol><symbol><tocall>PY</tocall><description>Sailboat</description><code>/Y</code></symbol><symbol><tocall>PZ</tocall><description>Windows flag</description><code>/Z</code></symbol><symbol><tocall>HS</tocall><description>Human</description><code>/[</code></symbol><symbol><tocall>HT</tocall><description>DF triangle</description><code>/\</code></symbol><symbol><tocall>HU</tocall><description>Mailbox, post office</description><code>/]</code></symbol><symbol><tocall>HV</tocall><description>Large aircraft</description><code>/^</code></symbol><symbol><tocall>HW</tocall><description>Weather station</description><code>/_</code></symbol><symbol><tocall>HX</tocall><description>Satellite dish antenna</description><code>/`</code></symbol><symbol><tocall>LA</tocall><description>Ambulance</description><code>/a</code></symbol><symbol><tocall>LB</tocall><description>Bicycle</description><code>/b</code></symbol><symbol><tocall>LC</tocall><description>Incident command post</description><code>/c</code></symbol><symbol><tocall>LD</tocall><description>Fire station</description><code>/d</code></symbol><symbol><tocall>LE</tocall><description>Horse, equestrian</description><code>/e</code></symbol><symbol><tocall>LF</tocall><description>Fire truck</description><code>/f</code></symbol><symbol><tocall>LG</tocall><description>Glider</description><code>/g</code></symbol><symbol><tocall>LH</tocall><description>Hospital</description><code>/h</code></symbol><symbol><tocall>LI</tocall><description>IOTA, islands on the air</description><code>/i</code></symbol><symbol><tocall>LJ</tocall><description>Jeep</description><code>/j</code></symbol><symbol><tocall>LK</tocall><description>Truck</description><code>/k</code></symbol><symbol><tocall>LL</tocall><description>Laptop</description><code>/l</code></symbol><symbol><tocall>LM</tocall><description>Mic-E repeater</description><code>/m</code></symbol><symbol><tocall>LN</tocall><description>Node, black bulls-eye</description><code>/n</code></symbol><symbol><tocall>LO</tocall><description>Emergency operations center</description><code>/o</code></symbol><symbol><tocall>LP</tocall><description>Dog</description><code>/p</code></symbol><symbol><tocall>LQ</tocall><description>Grid square, 2 by 2</description><code>/q</code></symbol><symbol><tocall>LR</tocall><description>Repeater tower</description><code>/r</code></symbol><symbol><tocall>LS</tocall><description>Ship, power boat</description><code>/s</code></symbol><symbol><tocall>LT</tocall><description>Truck stop</description><code>/t</code></symbol><symbol><tocall>LU</tocall><description>Semi-trailer truck, 18-wheeler</description><code>/u</code></symbol><symbol><tocall>LV</tocall><description>Van</description><code>/v</code></symbol><symbol><tocall>LW</tocall><description>Water station</description><code>/w</code></symbol><symbol><tocall>LX</tocall><description>X / Unix</description><code>/x</code></symbol><symbol><tocall>LY</tocall><description>House, yagi antenna</description><code>/y</code></symbol><symbol><tocall>LZ</tocall><description>Shelter</description><code>/z</code></symbol><symbol><tocall>J1</tocall><unused>1</unused><code>/{</code></symbol><symbol><tocall>J3</tocall><unused>1</unused><code>/}</code></symbol><symbol><tocall>OB</tocall><description>Emergency</description><code>\!</code></symbol><symbol><tocall>OC</tocall><unused>1</unused><code>\"</code></symbol><symbol><tocall>OD</tocall><description>Digipeater, green star</description><code>\#</code></symbol><symbol><tocall>OE</tocall><description>Bank or ATM</description><code>\$</code></symbol><symbol><tocall>OF</tocall><unused>1</unused><code>\%</code></symbol><symbol><tocall>OG</tocall><description>Gateway station</description><code>\&amp;</code></symbol><symbol><tocall>OH</tocall><description>Crash / incident site</description><code>\'</code></symbol><symbol><tocall>OI</tocall><description>Cloudy</description><code>\(</code></symbol><symbol><tocall>OJ</tocall><description>Firenet MEO, MODIS Earth Observation</description><code>\)</code></symbol><symbol><tocall>OK</tocall><description>Snow</description><code>\*</code></symbol><symbol><tocall>OL</tocall><description>Church</description><code>\+</code></symbol><symbol><tocall>OM</tocall><description>Girl Scouts</description><code>\,</code></symbol><symbol><tocall>ON</tocall><description>House, HF antenna</description><code>\-</code></symbol><symbol><tocall>OO</tocall><description>Ambiguous, question mark inside circle</description><code>\.</code></symbol><symbol><tocall>OP</tocall><description>Waypoint destination</description><code>\/</code></symbol><symbol><tocall>A0</tocall><description>Circle, IRLP / Echolink/WIRES</description><code>\0</code></symbol><symbol><tocall>A1</tocall><unused>1</unused><code>\1</code></symbol><symbol><tocall>A2</tocall><unused>1</unused><code>\2</code></symbol><symbol><tocall>A3</tocall><unused>1</unused><code>\3</code></symbol><symbol><tocall>A4</tocall><unused>1</unused><code>\4</code></symbol><symbol><tocall>A5</tocall><unused>1</unused><code>\5</code></symbol><symbol><tocall>A6</tocall><unused>1</unused><code>\6</code></symbol><symbol><tocall>A7</tocall><unused>1</unused><code>\7</code></symbol><symbol><tocall>A8</tocall><description>802.11 WiFi or other network node</description><code>\8</code></symbol><symbol><tocall>A9</tocall><description>Gas station</description><code>\9</code></symbol><symbol><tocall>NR</tocall><description>Hail</description><code>\:</code></symbol><symbol><tocall>NS</tocall><description>Park, picnic area</description><code>\;</code></symbol><symbol><tocall>NT</tocall><description>Advisory, single red flag</description><code>\&lt;</code></symbol><symbol><tocall>NU</tocall><unused>1</unused><code>\=</code></symbol><symbol><tocall>NV</tocall><description>Red car</description><code>\&gt;</code></symbol><symbol><tocall>NW</tocall><description>Info kiosk</description><code>\?</code></symbol><symbol><tocall>NX</tocall><description>Hurricane, Tropical storm</description><code>\@</code></symbol><symbol><tocall>AA</tocall><description>White box</description><code>\A</code></symbol><symbol><tocall>AB</tocall><description>Blowing snow</description><code>\B</code></symbol><symbol><tocall>AC</tocall><description>Coast Guard</description><code>\C</code></symbol><symbol><tocall>AD</tocall><description>Drizzling rain</description><code>\D</code></symbol><symbol><tocall>AE</tocall><description>Smoke, Chimney</description><code>\E</code></symbol><symbol><tocall>AF</tocall><description>Freezing rain</description><code>\F</code></symbol><symbol><tocall>AG</tocall><description>Snow shower</description><code>\G</code></symbol><symbol><tocall>AH</tocall><description>Haze</description><code>\H</code></symbol><symbol><tocall>AI</tocall><description>Rain shower</description><code>\I</code></symbol><symbol><tocall>AJ</tocall><description>Lightning</description><code>\J</code></symbol><symbol><tocall>AK</tocall><description>Kenwood HT</description><code>\K</code></symbol><symbol><tocall>AL</tocall><description>Lighthouse</description><code>\L</code></symbol><symbol><tocall>AM</tocall><unused>1</unused><code>\M</code></symbol><symbol><tocall>AN</tocall><description>Navigation buoy</description><code>\N</code></symbol><symbol><tocall>AO</tocall><description>Rocket</description><code>\O</code></symbol><symbol><tocall>AP</tocall><description>Parking</description><code>\P</code></symbol><symbol><tocall>AQ</tocall><description>Earthquake</description><code>\Q</code></symbol><symbol><tocall>AR</tocall><description>Restaurant</description><code>\R</code></symbol><symbol><tocall>AS</tocall><description>Satellite</description><code>\S</code></symbol><symbol><tocall>AT</tocall><description>Thunderstorm</description><code>\T</code></symbol><symbol><tocall>AU</tocall><description>Sunny</description><code>\U</code></symbol><symbol><tocall>AV</tocall><description>VORTAC, Navigational aid</description><code>\V</code></symbol><symbol><tocall>AW</tocall><description>NWS site</description><code>\W</code></symbol><symbol><tocall>AX</tocall><description>Pharmacy</description><code>\X</code></symbol><symbol><tocall>AY</tocall><unused>1</unused><code>\Y</code></symbol><symbol><tocall>AZ</tocall><unused>1</unused><code>\Z</code></symbol><symbol><tocall>DS</tocall><description>Wall Cloud</description><code>\[</code></symbol><symbol><tocall>DT</tocall><unused>1</unused><code>\\</code></symbol><symbol><tocall>DU</tocall><unused>1</unused><code>\]</code></symbol><symbol><tocall>DV</tocall><description>Aircraft</description><code>\^</code></symbol><symbol><tocall>DW</tocall><description>Weather site</description><code>\_</code></symbol><symbol><tocall>DX</tocall><description>Rain</description><code>\`</code></symbol><symbol><tocall>SA</tocall><description>Red diamond</description><code>\a</code></symbol><symbol><tocall>SB</tocall><description>Blowing dust, sand</description><code>\b</code></symbol><symbol><tocall>SC</tocall><description>CD triangle, RACES, CERTS, SATERN</description><code>\c</code></symbol><symbol><tocall>SD</tocall><description>DX spot</description><code>\d</code></symbol><symbol><tocall>SE</tocall><description>Sleet</description><code>\e</code></symbol><symbol><tocall>SF</tocall><description>Funnel cloud</description><code>\f</code></symbol><symbol><tocall>SG</tocall><description>Gale, two red flags</description><code>\g</code></symbol><symbol><tocall>SH</tocall><description>Store</description><code>\h</code></symbol><symbol><tocall>SI</tocall><description>Black box, point of interest</description><code>\i</code></symbol><symbol><tocall>SJ</tocall><description>Work zone, excavating machine</description><code>\j</code></symbol><symbol><tocall>SK</tocall><description>SUV, ATV</description><code>\k</code></symbol><symbol><tocall>SL</tocall><unused>1</unused><code>\l</code></symbol><symbol><tocall>SM</tocall><description>Value sign, 3 digit display</description><code>\m</code></symbol><symbol><tocall>SN</tocall><description>Red triangle</description><code>\n</code></symbol><symbol><tocall>SO</tocall><description>Small circle</description><code>\o</code></symbol><symbol><tocall>SP</tocall><description>Partly cloudy</description><code>\p</code></symbol><symbol><tocall>SQ</tocall><unused>1</unused><code>\q</code></symbol><symbol><tocall>SR</tocall><description>Restrooms</description><code>\r</code></symbol><symbol><tocall>SS</tocall><description>Ship, boat</description><code>\s</code></symbol><symbol><tocall>ST</tocall><description>Tornado</description><code>\t</code></symbol><symbol><tocall>SU</tocall><description>Truck</description><code>\u</code></symbol><symbol><tocall>SV</tocall><description>Van</description><code>\v</code></symbol><symbol><tocall>SW</tocall><description>Flooding</description><code>\w</code></symbol><symbol><tocall>SX</tocall><unused>1</unused><code>\x</code></symbol><symbol><tocall>SY</tocall><description>Skywarn</description><code>\y</code></symbol><symbol><tocall>SZ</tocall><description>Shelter</description><code>\z</code></symbol><symbol><tocall>Q1</tocall><description>Fog</description><code>\{</code></symbol><symbol><tocall>Q3</tocall><unused>1</unused><code>\}</code></symbol></symbols>