<?xml version="1.0"?>
<block>
    <name>Multistage Channel Filter</name>
    <key>shinysdr_MultistageChannelFilter</key>
    <category>[ShinySDR]</category>
    <import>import shinysdr.filters</import>
    <make>shinysdr.filters.MultistageChannelFilter(input_rate=$input_rate, output_rate=$output_rate, cutoff_freq=$cutoff_freq, transition_width=$transition_width, center_freq=$center_freq)</make>
    <callback>set_cutoff_freq($cutoff_freq)</callback>
    <callback>set_transition_width($transition_width)</callback>
    <callback>set_center_freq($center_freq)</callback>
    <param>
        <name>Input Sample Rate</name>
        <key>input_rate</key>
        <value>samp_rate</value>
        <type>real</type>
    </param>
    <param>
        <name>Output Sample Rate</name>
        <key>output_rate</key>
        <value>samp_rate</value>
        <type>real</type>
    </param>
    <param>
        <name>Cutoff Frequency</name>
        <key>cutoff_freq</key>
        <value>10000</value>
        <type>real</type>
    </param>
    <param>
        <name>Transition Band Width</name>
        <key>transition_width</key>
        <value>1000</value>
        <type>real</type>
    </param>
    <param>
        <name>Center Frequency</name>
        <key>center_freq</key>
        <value>0</value>
        <type>real</type>
    </param>
    <sink>
        <name>in</name>
        <type>complex</type>
    </sink>
    <source>
        <name>out</name>
        <type>complex</type>
    </source>
</block>
